{
  "espncmssales": {
    "host": "localhost",
    "port": 27017,
    "url": "",
    "database": "espncmssales",
    "password": "classify-globe-slime",
    "name": "espncmssales",
    "debug": true,
    "user": "espn",
    "connector": "mongodb",
    "allowExtendedOperators": true
  },
  "emailDs": {
    "name": "emailDs",
    "connector": "mail",
    "debug": true,
    "transports": [
      {
        "type": "smtp",
        "host": "email-smtp.us-east-1.amazonaws.com",
        "port": 465,
        "secure": true,
        "auth": {
          "user": "AKIAIYXGJWHODTL7QFUA",
          "pass": "AkKULr9kTYeS4C6dCu7KWy454o+5TuFtFjdRsBZQ7Lnb"
        }
      }
    ]
  },
  "assetStorage": {
    "name": "assetStorage",
    "connector": "loopback-component-storage"
  },
  "htmlStorage": {
    "name": "htmlStorage",
    "connector": "loopback-component-storage"
  }
}
