{
  "initial:before": {
    "loopback#favicon": {
      "params": "$!../client/favicon.ico"
    }
  },
  "initial": {
    "compression": {},
    "cors": {
      "params": {
        "origin": true,
        "credentials": true,
        "maxAge": 86400
      }
    },
    "helmet#xssFilter": {},
    "helmet#frameguard": {
      "params": ["deny"]
    },
    "helmet#hsts": {
      "params": {
        "maxAge": 0,
        "includeSubdomains": true
      }
    },
    "helmet#hidePoweredBy": {},
    "helmet#ieNoOpen": {},
    "helmet#noSniff": {},
    "helmet#noCache": {
      "enabled": false
    }
  },
  "session": {},
  "auth": {},
  "parse": {
    "body-parser#json": { "params": { "limit": "50mb" } },
    "body-parser#urlencoded": {
      "params": { "limit": "50mb", "extended": true }
    }
  },
  "routes": {
    "loopback#rest": {
      "paths": ["${restApiRoot}"]
    }
  },
  "files": {
    "loopback#static": [
      {
        "paths": ["/asset"],
        "params": "$!../asset"
      },
      {
        "paths": ["/docs"],
        "params": "$!../docs"
      },
      {
        "params": "$!../build"
      }
    ]
  },
  "final": {
    "express-history-api-fallback": {
      "paths": ["*"],
      "params": [
        "index.html",
        {
          "root": "$!../build"
        }
      ]
    },
    "loopback#urlNotFound": {}
  },
  "final:after": {
    "./middleware/unauthorized": {
      "enabled": false
    },
    "strong-error-handler": {
      "params": {
        "debug": true,
        "log": true
      }
    }
  }
}
