{
  "_meta": {
    "sources": [
      "loopback/common/models",
      "loopback/server/models",
      "../common/models",
      "./models"
    ],
    "mixins": [
      "loopback/common/mixins",
      "loopback/server/mixins",
      "../node_modules/loopback-ds-timestamp-mixin",
      "../common/mixins",
      "./mixins"
    ]
  },
  "User": {
    "dataSource": "espncmssales",
    "public": false,
    "options": {
      "allowEternalTokens": true
    }
  },
  "Email": {
    "dataSource": "emailDs",
    "public": false
  },
  "AccessToken": {
    "dataSource": "espncmssales",
    "public": false
  },
  "ACL": {
    "dataSource": "espncmssales",
    "public": false
  },
  "RoleMapping": {
    "dataSource": "espncmssales",
    "public": false,
    "options": {
      "strictObjectIDCoercion": true
    }
  },
  "Role": {
    "dataSource": "espncmssales",
    "public": false
  },
  "Category": {
    "dataSource": "espncmssales",
    "public": true
  },
  "Asset": {
    "dataSource": "espncmssales",
    "public": true
  },
  "AssetFile": {
    "dataSource": "assetStorage",
    "public": false
  },
  "UserProfile": {
    "dataSource": "espncmssales",
    "public": true
  },
  "Conversation": {
    "dataSource": "espncmssales",
    "public": true
  },
  "SharedConversation": {
    "dataSource": "espncmssales",
    "public": true
  },
  "Tag": {
    "dataSource": "espncmssales",
    "public": true
  },
  "SalesPriority": {
    "dataSource": "espncmssales",
    "public": true
  },
  "Statistics": {
    "dataSource": "espncmssales",
    "public": true
  },
  "AssetHTML": {
    "dataSource": "htmlStorage",
    "public": false
  }
}
