{
"AssetCategory":[{"_id":{"$oid":"58c8c5b6a395827d5c410d01"},"assetId":{"$oid":"589b559fc0b4a6a677a33d58"},"categoryId":{"$oid":"58752155f31074c9226c1560"}},{"_id":{"$oid":"58c8c5b6a395827d5c410d02"},"assetId":{"$oid":"589b559fc0b4a6a677a33d58"},"categoryId":{"$oid":"58a71a3e5e6ed553bd6ddeef"}},{"_id":{"$oid":"58c8c61ba395827d5c410d03"},"assetId":{"$oid":"58a4b6775e6ed553bd6d9fbc"},"categoryId":{"$oid":"58752148f31074c9226c155f"}},{"_id":{"$oid":"58c8c63ba395827d5c410d04"},"assetId":{"$oid":"58a4b81a5e6ed553bd6da031"},"categoryId":{"$oid":"58a71a3e5e6ed553bd6ddeef"}},{"_id":{"$oid":"58c8c65ba395827d5c410d05"},"assetId":{"$oid":"58a4b81a5e6ed553bd6da032"},"categoryId":{"$oid":"58a719ef5e6ed553bd6dded7"}},{"_id":{"$oid":"58c8c88ea395827d5c410d06"},"assetId":{"$oid":"58a4b81a5e6ed553bd6da033"},"categoryId":{"$oid":"58a717685e6ed553bd6dde4e"}},{"_id":{"$oid":"58c8c88ea395827d5c410d07"},"assetId":{"$oid":"58a4b81a5e6ed553bd6da033"},"categoryId":{"$oid":"58752474478cc7982316bf0e"}}]
,
"UserProfile":[{"_id":{"$oid":"58755817df51326e35f100ec"},"firstName":"Josh","lastName":"Rose","password":"$2a$10$NXU3u4ahtur/Lx70uIRE5ualvcZMQwv.ilf0oCtslx9Uf9tWE4PHi","email":"jrose@madpow.net","assetIds":[{"$oid":"589b559fc0b4a6a677a33d58"}]},{"_id":{"$oid":"58755817df51326e35f100ed"},"firstName":"Ken","lastName":"Dunnington","password":"$2a$10$cYgpyM0dZYXxTBGusHqwWuhwckOKipsndwGO5WED3pKteYvunJ2d.","email":"kdunnington@madpow.net","assetIds":[]}]
,
"Category":[{"_id":{"$oid":"5875211df31074c9226c155a"},"name":"Platform","isTopLevel":true,"categoryIds":[{"$oid":"58752456478cc7982316bf09"},{"$oid":"5875245c478cc7982316bf0a"},{"$oid":"58752460478cc7982316bf0b"},{"$oid":"5875246b478cc7982316bf0c"},{"$oid":"58752470478cc7982316bf0d"},{"$oid":"58752474478cc7982316bf0e"}]},{"_id":{"$oid":"58752127f31074c9226c155b"},"name":"Show","isTopLevel":true},{"_id":{"$oid":"5875212bf31074c9226c155c"},"name":"Sport","isTopLevel":true,"categoryIds":[{"$oid":"58a71a215e6ed553bd6ddee4"},{"$oid":"58a71a315e6ed553bd6ddee7"},{"$oid":"58a71a3e5e6ed553bd6ddeef"},{"$oid":"58a71a4d5e6ed553bd6ddef2"}]},{"_id":{"$oid":"58752131f31074c9226c155d"},"name":"Opportunity","isTopLevel":true},{"_id":{"$oid":"58752143f31074c9226c155e"},"name":"Reference","isTopLevel":true},{"_id":{"$oid":"58752148f31074c9226c155f"},"name":"Performance","isTopLevel":true},{"_id":{"$oid":"58752155f31074c9226c1560"},"name":"Total Audience","isTopLevel":true},{"_id":{"$oid":"58752456478cc7982316bf09"},"name":"Digital","isTopLevel":false,"categoryIds":[{"$oid":"58910295d6830c6f7da4c267"}]},{"_id":{"$oid":"5875245c478cc7982316bf0a"},"name":"TV","isTopLevel":false,"categoryIds":[{"$oid":"58a717685e6ed553bd6dde4e"},{"$oid":"58a717795e6ed553bd6dde54"},{"$oid":"58a719ac5e6ed553bd6ddec4"},{"$oid":"58a719c35e6ed553bd6ddecb"},{"$oid":"58a719cf5e6ed553bd6dded0"},{"$oid":"58a719dc5e6ed553bd6dded3"},{"$oid":"58a719ef5e6ed553bd6dded7"},{"$oid":"58a719fd5e6ed553bd6ddedc"}]},{"_id":{"$oid":"58752460478cc7982316bf0b"},"name":"Podcast","isTopLevel":false},{"_id":{"$oid":"5875246b478cc7982316bf0c"},"name":"Print","isTopLevel":false},{"_id":{"$oid":"58752470478cc7982316bf0d"},"name":"Radio","isTopLevel":false},{"_id":{"$oid":"58752474478cc7982316bf0e"},"name":"Social","isTopLevel":false},{"_id":{"$oid":"58910295d6830c6f7da4c267"},"name":"Bueller","isTopLevel":false,"categoryIds":[]},{"_id":{"$oid":"58a717685e6ed553bd6dde4e"},"name":"30 for 30","isTopLevel":false,"categoryIds":[]},{"_id":{"$oid":"58a717795e6ed553bd6dde54"},"name":"First Take","isTopLevel":false,"categoryIds":[]},{"_id":{"$oid":"58a719ac5e6ed553bd6ddec4"},"name":"Highly Questionable","isTopLevel":false,"categoryIds":[]},{"_id":{"$oid":"58a719c35e6ed553bd6ddecb"},"name":"Nacion","isTopLevel":false,"categoryIds":[]},{"_id":{"$oid":"58a719cf5e6ed553bd6dded0"},"name":"NFL Live","isTopLevel":false,"categoryIds":[]},{"_id":{"$oid":"58a719dc5e6ed553bd6dded3"},"name":"NFL Insiders","isTopLevel":false,"categoryIds":[]},{"_id":{"$oid":"58a719ef5e6ed553bd6dded7"},"name":"Sportscenter","isTopLevel":false,"categoryIds":[]},{"_id":{"$oid":"58a719fd5e6ed553bd6ddedc"},"name":"Sportsnation","isTopLevel":false,"categoryIds":[]},{"_id":{"$oid":"58a71a215e6ed553bd6ddee4"},"name":"MLB Baseball","isTopLevel":false,"categoryIds":[]},{"_id":{"$oid":"58a71a315e6ed553bd6ddee7"},"name":"NBA Basketball","isTopLevel":false,"categoryIds":[]},{"_id":{"$oid":"58a71a3e5e6ed553bd6ddeef"},"name":"College Football","isTopLevel":false,"categoryIds":[]},{"_id":{"$oid":"58a71a4d5e6ed553bd6ddef2"},"name":"NFL Football","isTopLevel":false,"categoryIds":[]}]
,
"Asset":[{"_id":{"$oid":"589b559fc0b4a6a677a33d58"},"name":"The CFP National Championship Reached Far More Than Just the TV Audience","summary":"The total audience of the CFP Champ game reached 51MM fans on TV (through the megacast). When adding in live streaming, social posts, gamecasts, highlights, and alerts, the full reach paints a much bigger picture.","url":"https://s3.amazonaws.com/cmssales/assetStorage/1489528858745-total-audience---cfp-champ-game.jpg","thumbnailUrl":"https://s3.amazonaws.com/cmssales/assetStorage/1489528858745-total-audience---cfp-champ-game_thumb.png","type":"image/jpeg","size":795329,"deleted":false,"categoryIds":[{"$oid":"58752155f31074c9226c1560"},{"$oid":"58a71a3e5e6ed553bd6ddeef"}]},{"_id":{"$oid":"58a4b6775e6ed553bd6d9fbc"},"name":"The Power of Live is a Curious Thing – Makes One Man Weep, Makes Another Man Sing","summary":"What a year it was for sports!  5 major championship games all came down to the final seconds, providing drama that only live sports can. What was your favorite moment?","url":"https://s3.amazonaws.com/cmssales/assetStorage/1489528774271-power_of_live.jpg","thumbnailUrl":"https://s3.amazonaws.com/cmssales/assetStorage/1489528774271-power_of_live_thumb.png","type":"image/jpeg","size":506945,"deleted":false,"categoryIds":[{"$oid":"58752148f31074c9226c155f"}],"modifiedDate":{"$date":"2017-03-15T04:42:03.503Z"}},{"_id":{"$oid":"58a4b81a5e6ed553bd6da031"},"name":"No Season Matters From Start to Finish Quite Like College Football","summary":"71% of the US Population (215MM) tuned in for the ESPN College Football Regular Season in 2016.","url":"https://s3.amazonaws.com/cmssales/assetStorage/1489528582499-2016-cfb-regular-season-highlights.m4v","thumbnailUrl":"https://s3.amazonaws.com/cmssales/assetStorage/1489528582499-2016-cfb-regular-season-highlights_thumb.png","type":"video/mp4","size":26637725,"deleted":false,"categoryIds":[{"$oid":"58a71a3e5e6ed553bd6ddeef"}],"modifiedDate":{"$date":"2017-03-15T04:42:35.161Z"}},{"_id":{"$oid":"58a4b81a5e6ed553bd6da032"},"name":"The New SC6 Is A Different World From Where We Came From","url":"https://cmssales.s3.amazonaws.com/assetStorage%2F1489528785427-sc6---different-world-spoof.mp4","thumbnailUrl":"https://cmssales.s3.amazonaws.com/assetStorage/1489528785427-sc6---different-world-spoof_thumb.png","type":"video/mp4","size":21844341,"deleted":false,"categoryIds":[{"$oid":"58a719ef5e6ed553bd6dded7"}],"modifiedDate":{"$date":"2017-03-15T04:43:07.198Z"}},{"_id":{"$oid":"58a4b81a5e6ed553bd6da033"},"name":"They Like Us, They Really Like Us ","summary":"ESPN was awarded its first ever Acadamy Award for the unique and untraditional 30 for 30 documentary, OJ: Made in America. ESPN tells important, powerful and now award-winning stories. ESPN is at its best when mixing sports with social commentary.","url":"https://cmssales.s3.amazonaws.com/assetStorage%2F1489528660865-oj-mia---acceptance-speech.mp4","thumbnailUrl":"https://cmssales.s3.amazonaws.com/assetStorage/1489528660865-oj-mia---acceptance-speech_thumb.png","type":"video/mp4","size":41903323,"deleted":false,"categoryIds":[{"$oid":"58a717685e6ed553bd6dde4e"},{"$oid":"58752474478cc7982316bf0e"}],"modifiedDate":{"$date":"2017-03-15T04:52:30.191Z"}}]
,
"Tag":[{"_id":{"$oid":"58820e519b90fe004cee6818"},"name":"college"},{"_id":{"$oid":"58820e579b90fe004cee6819"},"name":"football"},{"_id":{"$oid":"58820e5c9b90fe004cee681a"},"name":"basketball"},{"_id":{"$oid":"58820e7a9b90fe004cee681b"},"name":"cfb"},{"_id":{"$oid":"58820ed59b90fe004cee681c"},"name":"cfp"}]
,
"Conversation":[{"_id":{"$oid":"5882123b9b90fe004cee681d"},"name":"Nike","summary":"Meet Nike, yada yada","conversationDate":{"$date":"2017-01-18T00:00:00.000Z"},"archived":false,"deleted":false,"createdDate":{"$date":"2017-01-18T00:00:00.000Z"},"userId":{"$oid":"58755817df51326e35f100ec"},"assetIds":[{"$oid":"589b559fc0b4a6a677a33d58"}]},{"_id":{"$oid":"588686749b90fe004cee681e"},"name":"Corona","summary":"Meet Corona, yada yada","conversationDate":{"$date":"2017-01-23T00:00:00.000Z"},"archived":false,"deleted":false,"createdDate":{"$date":"2017-01-23T00:00:00.000Z"},"userId":{"$oid":"58755817df51326e35f100ec"},"assetIds":[]},{"_id":{"$oid":"588686ad9b90fe004cee681f"},"name":"DirecTV","summary":"Meet DirecTV, yada yada","conversationDate":{"$date":"2017-01-25T00:00:00.000Z"},"archived":false,"deleted":false,"createdDate":{"$date":"2017-01-25T00:00:00.000Z"},"userId":{"$oid":"58755817df51326e35f100ec"},"assetIds":[]},{"_id":{"$oid":"588688279b90fe004cee6820"},"name":"Dr Pepper","summary":"Meet Dr Pepper, yada yada","conversationDate":{"$date":"2017-01-27T00:00:00.000Z"},"archived":false,"deleted":false,"createdDate":{"$date":"2017-01-27T00:00:00.000Z"},"userId":{"$oid":"58755817df51326e35f100ec"},"assetIds":[]},{"_id":{"$oid":"588688339b90fe004cee6821"},"name":"Coca Cola","summary":"Meet Coca Cola, yada yada","conversationDate":{"$date":"2017-01-29T00:00:00.000Z"},"archived":false,"deleted":false,"createdDate":{"$date":"2017-01-29T00:00:00.000Z"},"userId":{"$oid":"58755817df51326e35f100ec"},"assetIds":[]},{"_id":{"$oid":"588776649b90fe004cee6822"},"name":"Sprite","summary":"Meet Sprite, yada yada","conversationDate":{"$date":"2017-02-02T00:00:00.000Z"},"archived":true,"deleted":false,"createdDate":{"$date":"2017-01-24T00:00:00.000Z"},"userId":{"$oid":"58755817df51326e35f100ec"},"assetIds":[]},{"_id":{"$oid":"588776959b90fe004cee6823"},"name":"Turbo Tax","summary":"Meet Turbo Tax, yada yada","conversationDate":{"$date":"2017-02-02T00:00:00.000Z"},"archived":true,"deleted":false,"createdDate":{"$date":"2017-01-24T00:00:00.000Z"},"userId":{"$oid":"58755817df51326e35f100ec"},"assetIds":[]},{"_id":{"$oid":"588776dd9b90fe004cee6824"},"name":"Reebok","summary":"Meet Reebok, yada yada","conversationDate":{"$date":"2017-02-02T00:00:00.000Z"},"archived":true,"deleted":false,"createdDate":{"$date":"2017-01-24T00:00:00.000Z"},"userId":{"$oid":"58755817df51326e35f100ec"},"assetIds":[]},{"_id":{"$oid":"5887a1dc9b90fe004cee6825"},"name":"Saucony","summary":"Meet Saucony, yada yada","conversationDate":{"$date":"2017-02-02T00:00:00.000Z"},"archived":true,"deleted":false,"createdDate":{"$date":"2017-01-24T00:00:00.000Z"},"userId":{"$oid":"58755817df51326e35f100ec"},"assetIds":[]},{"_id":{"$oid":"589c8dd45e6ed553bd6d2872"},"name":"Mad*Pow","summary":"Meet Mad*Pow, yada yada","conversationDate":{"$date":"2017-02-14T00:00:00.000Z"},"archived":true,"deleted":false,"createdDate":{"$date":"2017-02-09T00:00:00.000Z"},"userId":{"$oid":"58755817df51326e35f100ec"},"assetIds":[{"$oid":"589b559fc0b4a6a677a33d58"}]}]
}
