{
  "name": "Asset",
  "base": "PersistedModel",
  "idInjection": true,
  "scopes": {
    "library": {
      "where": {
        "deleted": false
      },
      "include": [
        "categories",
        "tags"
      ]
    }
  },
  "options": {
    "validateUpsert": true
  },
  "forceId": false,
  "mixins": {
    "TimeStamp": {
      "createdAt": "createdDate",
      "updatedAt": "modifiedDate",
      "required": false,
      "validateUpsert": true,
      "silenceWarnings": false
    }
  },
  "hidden": [
    "synonyms"
  ],
  "properties": {
    "name": {
      "type": "string",
      "required": true
    },
    "summary": {
      "type": "string"
    },
    "url": {
      "type": "string",
      "required": true
    },
    "originalFilename": {
      "type": "string",
      "required": false
    },
    "originalContent": {
      "type": "string",
      "required": false
    },
    "thumbnailUrl": {
      "type": "string",
      "required": true
    },
    "isInternalOnly": {
      "type": "boolean",
      "required": true,
      "default": false
    },
    "type": {
      "type": "string",
      "required": true
    },
    "size": {
      "type": "number",
      "required": true,
      "default": 0
    },
    "synonyms": {
      "type": [
        "string"
      ],
      "required": false
    },
    "deleted": {
      "type": "boolean",
      "required": true,
      "default": false
    }
  },
  "validations": [],
  "relations": {
    "categories": {
      "type": "hasAndBelongsToMany",
      "model": "Category"
    },
    "tags": {
      "type": "hasAndBelongsToMany",
      "model": "Tag"
    }
  },
  "acls": [
    {
      "accessType": "*",
      "principalType": "ROLE",
      "principalId": "$everyone",
      "permission": "ALLOW"
    },
    {
      "accessType": "*",
      "principalType": "ROLE",
      "principalId": "$authenticated",
      "permission": "ALLOW"
    }
  ],
  "methods": {
    "search": {
      "accepts": [
        {
          "arg": "query",
          "type": "string",
          "required": true,
          "description": "The query string to search by",
          "http": {
            "source": "query"
          }
        },
        {
          "arg": "filter",
          "type": "object",
          "required": false,
          "description": "Additional filters to apply",
          "http": {
            "source": "query"
          }
        },
        {
          "arg": "options",
          "type": "object",
          "http": "optionsFromRequest"
        }
      ],
      "returns": [
        {
          "arg": "results",
          "type": "array",
          "root": true,
          "description": "The search results"
        }
      ],
      "description": "Search Assets by name, description, category and tag",
      "http": [
        {
          "path": "/search",
          "verb": "get"
        }
      ]
    }
  }
}
