{
  "name": "Category",
  "base": "PersistedModel",
  "idInjection": true,
  "scopes": {
    "all": {
      "where": {
        "isTopLevel": true
      },
      "include": [
        {
          "relation": "children",
          "scope": {
            "include": [
              "parent",
              {
                "relation": "children",
                "scope": {
                  "include": [
                    "parent",
                    {
                      "relation": "children",
                      "scope": {
                        "include": [
                          "parent",
                          {
                            "relation": "children",
                            "scope": {
                              "include": [
                                "parent",
                                {
                                  "relation": "children"
                                }
                              ]
                            }
                          }
                        ]
                      }
                    }
                  ]
                }
              }
            ]
          }
        }
      ]
    }
  },
  "options": {
    "validateUpsert": true
  },
  "forceId": false,
  "mixins": {
    "TimeStamp": {
      "createdAt": "createdDate",
      "updatedAt": "modifiedDate",
      "required": false,
      "validateUpsert": true,
      "silenceWarnings": false
    }
  },
  "properties": {
    "name": {
      "type": "string",
      "required": true
    },
    "isTopLevel": {
      "type": "boolean",
      "required": true,
      "default": false
    }
  },
  "validations": [],
  "relations": {
    "parent": {
      "type": "belongsTo",
      "model": "Category",
      "foreignKey": "parentId"
    },
    "children": {
      "type": "referencesMany",
      "model": "Category"
    },
    "assets": {
      "type": "hasAndBelongsToMany",
      "model": "Asset"
    }
  },
  "acls": [
    {
      "accessType": "*",
      "principalType": "ROLE",
      "principalId": "$everyone",
      "permission": "ALLOW"
    },
    {
      "accessType": "*",
      "principalType": "ROLE",
      "principalId": "$authenticated",
      "permission": "ALLOW"
    }
  ],
  "methods": {}
}
