{
  "name": "SalesPriority",
  "base": "PersistedModel",
  "idInjection": true,
  "options": {
    "validateUpsert": true
  },
  "forceId": false,
  "mixins": {
    "TimeStamp": {
      "createdAt": "createdDate",
      "updatedAt": "modifiedDate",
      "required": false,
      "validateUpsert": true,
      "silenceWarnings": false
    }
  },
  "scope": {
    "order": "sortOrder ASC",
    "include": {
      "relation": "asset",
      "scope": {
        "where": {
          "deleted": false
        }
      }
    }
  },
  "properties": {
    "sortOrder": {
      "type": "number",
      "required": true
    }
  },
  "validations": [],
  "relations": {
    "asset": {
      "type": "belongsTo",
      "model": "Asset"
    },
    "user": {
      "type": "belongsTo",
      "model": "UserProfile"
    }
  },
  "acls": [],
  "methods": {}
}
