{
  "name": "Statistics",
  "plural": "Statistics",
  "base": "PersistedModel",
  "idInjection": true,
  "options": {
    "validateUpsert": true
  },
  "scope": {
    "order": "timestamp"
  },
  "properties": {
    "totalConversations": {
      "type": "number",
      "required": true
    },
    "totalSharedConversations": {
      "type": "number",
      "required": true
    },
    "totalInternalSharedConversations": {
      "type": "number",
      "required": true
    },
    "timestamp": {
      "type": "date",
      "required": true
    },
    "topSharedAssets": {
      "type": [
        "object"
      ],
      "required": true
    },
    "topFavoritedAssets": {
      "type": [
        "object"
      ],
      "required": true
    },
    "topActiveUsers": {
      "type": [
        "object"
      ],
      "required": true
    }
  },
  "validations": [],
  "relations": {},
  "acls": [],
  "methods": {}
}
