{
  "name": "Tag",
  "base": "PersistedModel",
  "idInjection": true,
  "options": {
    "validateUpsert": true
  },
  "forceId": false,
  "mixins": {
    "TimeStamp": {
      "createdAt": "createdDate",
      "updatedAt": "modifiedDate",
      "required": false,
      "validateUpsert": true,
      "silenceWarnings": false
    }
  },
  "properties": {
    "name": {
      "type": "string",
      "required": true
    }
  },
  "validations": [],
  "relations": {
    "assets": {
      "type": "hasAndBelongsToMany",
      "model": "Asset"
    }
  },
  "acls": [
    {
      "accessType": "*",
      "principalType": "ROLE",
      "principalId": "$everyone",
      "permission": "ALLOW"
    },
    {
      "accessType": "*",
      "principalType": "ROLE",
      "principalId": "$authenticated",
      "permission": "ALLOW"
    }
  ],
  "methods": {}
}
