{
  "name": "UserProfile",
  "base": "User",
  "idInjection": true,
  "options": {
    "validateUpsert": true,
    "caseSensitiveEmail": false,
    "emailVerificationRequired": true,
    "ttl": -1
  },
  "forceId": false,
  "mixins": {
    "TimeStamp": {
      "createdAt": "createdDate",
      "updatedAt": "modifiedDate",
      "required": false,
      "validateUpsert": true,
      "silenceWarnings": false
    }
  },
  "hidden": [
    "dismissedConversations"
  ],
  "properties": {
    "firstName": {
      "type": "string",
      "required": true
    },
    "lastName": {
      "type": "string",
      "required": true
    },
    "version": {
      "type": "string",
      "required": false
    },
    "platform": {
      "type": "string",
      "required": false
    },
    "lastViewedSalesPriority": {
      "type": "date",
      "required": false
    },
    "dismissedConversations": {
      "type": "array",
      "required": false
    }
  },
  "validations": [],
  "relations": {
    "favoriteAssets": {
      "type": "referencesMany",
      "model": "Asset"
    },
    "conversations": {
      "type": "hasMany",
      "model": "Conversation",
      "foreignKey": "userId"
    }
  },
  "acls": [
    {
      "accessType": "*",
      "principalType": "ROLE",
      "principalId": "$everyone",
      "permission": "ALLOW"
    },
    {
      "accessType": "*",
      "principalType": "ROLE",
      "principalId": "$authenticated",
      "permission": "ALLOW"
    },
    {
      "accessType": "EXECUTE",
      "principalType": "ROLE",
      "principalId": "$everyone",
      "permission": "ALLOW",
      "property": "replacePassword"
    },
    {
      "accessType": "EXECUTE",
      "principalType": "ROLE",
      "principalId": "$owner",
      "permission": "ALLOW",
      "property": "prototype.changePassword"
    }
  ],
  "methods": {
    "replacePassword": {
      "accepts": [
        {
          "arg": "credentials",
          "type": "object",
          "description": "The password, confirmPassword and accessToken values.",
          "required": true,
          "http": {
            "source": "form"
          }
        }
      ],
      "returns": [],
      "description": "Reset a user's password. Requires a valid short-term auth token.",
      "http": [
        {
          "path": "/resetPassword",
          "verb": "post"
        }
      ]
    },
    "prototype.changePassword": {
      "accepts": [
        {
          "arg": "currentPassword",
          "type": "string",
          "required": true,
          "description": "User's current password",
          "http": {
            "source": "form"
          }
        },
        {
          "arg": "newPassword",
          "type": "string",
          "required": true,
          "description": "New password to set",
          "http": {
            "source": "form"
          }
        },
        {
          "arg": "verifyPassword",
          "type": "string",
          "required": true,
          "description": "Validation field",
          "http": {
            "source": "form"
          }
        }
      ],
      "returns": [
        {
          "arg": "userObj",
          "type": "object",
          "root": true,
          "description": "The updated User object"
        }
      ],
      "description": "Change the user's password",
      "http": [
        {
          "path": "/changePassword",
          "verb": "post"
        }
      ]
    }
  }
}
